"457, 463, 294, 296"
"470, 219, 1"
"462, 301"
"441, 458, 294, 317"
"452, 399"
"398"
"456, 400"
"71, 31"
"461, 445, 302, 374"
"477, 228, 212"
"470, 467"
"312, 298"
"477, 223"
"452, 450, 382"
"354, 147"
"470, 57, 264"
"452, 379"
"477, 235, 274"
"467, 188, 6"
"471, 191, 108"
"458, 447, 379"
"456, 459, 302, 294"
"34, 227"
"467, 130"
"450, 295, 313"
"17"
"471, 178"
"470, 337, 123"
"467, 158"
"447, 460, 376, 377"
"456, 316, 295"
"452, 391, 299"
"470, 316, 197"
"469, 210, 396"
"477, 37"
"477, 289"
"452, 297"
"477, 66"
"454, 437, 318, 300"
"451, 374, 378"
"393"
"471, 22, 262"
"451, 441, 378"
"441, 436, 386, 398"
"490"
"423"
"472, 299, 109"
"469, 287"
"452, 436, 375, 379"
"446, 297"
"375"
"231, 214"
"452, 293, 313"
"468, 19"
"444, 459, 310, 392"
"468, 469"
"468, 291, 62"
"477, 215, 62"
"467, 470"
"443, 447, 310, 393"
"486, 476"
"468, 359, 101"
"446, 314, 388"
"301, 384"
"477, 223, 229"
"444, 459, 306"
"467, 145"
"402, 424"
"420"
"477, 218, 277"
"471, 273"
"471, 27"
"477, 228, 64"
"449, 439, 387, 314"
"448, 305"
"448, 449, 399"
"457, 294, 377"
"477, 285"
"469, 180, 350"
"472, 346, 189"
"440, 315, 311"
"416"
"438, 445, 294, 388"
"469, 471"
"472, 470"
"467"
"477, 218"
"438, 309, 311"
"469, 471"
"312"
"477, 223, 238"
"437, 440, 383, 381"
"336"
"455, 446, 307"
"470, 346"
"446, 383, 293"
"464, 294"
"467, 263, 87"
"458, 463, 294, 293"
"477, 224, 289"
"459, 319, 378"
"422, 423"
"464, 296, 306"
"448, 455, 398, 388"
"449, 462"
"477, 222"
"468, 179"
"471, 201"
"436, 445, 313, 386"
"465, 384"
"470, 139, 51"
"448, 451"
"461, 377"
"18, 202"
"424, 415"
"398"
"457, 296"
"477, 215, 227"
"477, 278"
"477, 237"
"477, 38"
"477, 284"
"422"
"379, 299"
"446, 463, 382"
"438, 464, 380, 314"
"413"
"477, 214"
"379, 392"
"439"
"477, 30"
"439, 463, 384"
"487"
"477, 288"
"470, 81"
"470"
"461, 298"
"362"
"457, 441, 385, 384"
"455, 384, 383"
"471, 232, 190"
"469, 89, 376"
"443, 459, 311, 397"
"493"
"477, 270, 238"
"365, 348"
"466, 446, 296"
"448, 313, 301"
"477, 25"
"452, 453, 382"
"477, 266, 27"
"477, 37"
"477, 272"
"468, 23"
"477, 73"
"472, 380, 314"
"477, 230"
"297, 304"
"451, 457, 377, 395"
"396, 388"
"448, 437"
"472, 147"
"437, 439, 296, 395"
"477, 229"
"443, 312"
"477, 286"
"291, 238"
"438, 443, 395, 376"
"471, 314"
"460, 442, 400, 382"
"477, 27, 33"
"443, 316"
"449, 393"
"452, 442, 397, 382"
"454, 299, 397"
"477, 27"
"444, 385"
"452, 466"
"424, 428"
"447, 301"
"464, 389"
"465"
"313, 391"
"477, 39, 287"
"439, 462, 317"
"422"
"457, 450, 293"
"468"
"477, 23"
"477, 71"
"477, 71"
"457, 303"
"387, 400"
"467, 206, 170"
"446, 455, 315"
"424"
"477, 224"
"383"
"437, 439, 308, 385"
"134, 363"
"452, 299, 314"
"443, 396"
"246"
"477, 23, 28"
"477, 40"
"447, 459, 374, 311"
"461, 296"
"454, 305"
"477, 283, 29"
"467, 387"
"470, 351"
"477, 235, 225"
"235"
"467, 400, 284"
"477, 267"
"313, 291"
"467, 186, 344"
"468"
"477, 283, 213"
"468, 269, 350"
"477, 289"
"417"
"458, 384, 385"
"453, 299"
"449, 375, 379"
"484, 491"
"477, 273"
"454, 452, 300"
"477, 281"
"456, 313"
"458, 462, 378"
"477, 218, 285"
"467, 337"
"297, 379"
"477, 223"
"488"
"477, 64"
"438, 382, 383"
"313, 301"
"459, 439, 307"
"455, 384"
"499, 490"
"477, 23"
"458, 398"
"437, 378, 294"
"465, 459"
"441, 408"
"455, 439, 400, 299"
"477, 269"
"459, 450, 397, 301"
"458, 450, 307"
"461, 464, 382, 310"
"446, 453, 310"
"469, 58, 263"
"364"
"494"
"477, 292"
"465, 446, 376"
"467, 94, 354"
"477, 65"
"453, 382, 390"
"438, 444, 394, 319"
"452, 465, 300"
"477, 61, 282"
"93, 309"
"443, 303"
"315, 380"
"184"
"449"
"438, 437, 309, 398"
"444, 464, 299"
"477, 226"
"455, 466, 306"
"470, 157, 36"
"471, 470"
"458, 400, 395"
"469, 126"
"477, 290"
"338"
"459, 378, 396"
"477, 291"
"472, 228, 126"
"413, 414"
"269, 267"
"436, 444, 293, 377"
"464, 396"
"436, 444, 377"
"443, 449, 390, 389"
"439, 295"
"448, 444, 299"
"477, 290"
"477, 76, 280"
"477, 24, 26"
"439, 389, 392"
"19"
"477, 62, 272"
"463, 319"
"480"
"472, 393"
"477, 236, 33"
"460, 378, 295"
"469, 241"
"477, 64, 279"
"477, 221, 66"
"477, 229"
"463, 448, 385, 296"
"471, 4"
"458, 452, 302, 318"
"442, 447, 293, 391"
"477, 61, 224"
"456, 443, 382"
"454, 449, 399, 306"
"471, 74, 322"
"469, 45"
"477, 274"
"477, 33"
"477, 275"
"456, 466, 390"
"477, 266"
"450, 461, 318"
"345, 356"
"465, 376, 319"
"477, 73"
"454, 383"
"467, 468"
"428"
"459, 319, 293"
"472, 97, 176"
"477, 222, 234"
"355, 364"
"470, 353"
"467, 393, 217"
"458, 460, 387, 383"
"477, 270"
"477, 223, 31"
"469"
"463, 389"
"450, 300"
"477, 65, 73"
"458, 461, 314"
"468, 359"
"477, 271, 74"
"440, 447, 381"
"477, 232, 61"
"477, 284, 63"
"477, 278, 236"
"443, 309, 310"
"465, 440, 375, 385"
"471"
"453, 441, 380, 295"
"4"
"470, 20, 154"
"451, 454, 310"
"470, 392, 52"
"441, 412"
"477, 222"
"477, 32"
"470, 212"
"477, 267"
"452, 438"
"471, 468"
"446, 461, 300, 297"
"489, 495"
"439, 447, 297, 396"
"467, 278"
"468, 183"
"477, 224, 235"
"436, 312, 300"
"442, 294"
"451, 375, 295"
"456, 307"
"452, 302, 378"
"471, 137, 16"
"477, 223, 39"
"470, 69, 394"
"463, 380"
"477, 73, 274"
"464, 394, 295"
"477, 282"
"471, 44, 25"
"455, 459, 391, 386"
"466, 295, 308"
"477, 225"
"458, 441, 399, 377"
"438, 445, 380"
"445, 306, 305"
"477, 274, 269"
"400, 399"
"470, 281"
"436, 456, 397"
"468, 68"
"466, 447, 315, 394"
"449, 462, 377"
"477, 273"
"470, 113"
"460, 454, 308, 316"
"463, 454, 301"
"470, 471"
"300"
"498"
"477, 223, 274"
"470, 178"
"451, 437, 383"
"477, 65"
"477, 225"
"477, 285"
"477, 213, 281"
"468"
"477, 271"
"472, 300, 170"
"440"
"477, 74"
"477, 76"
"427"
"477, 225"
"454, 456, 398"
"477, 59, 219"
"469, 2"
"477, 231, 33"
"472, 207"
"465, 447, 307, 296"
"477, 292, 270"
"459, 441, 386, 319"
"477, 269, 271"
"469, 375, 276"
"472, 22, 392"
"472, 33"
"477, 23"
"28, 271"
"326, 283"
"477, 29"
"468, 18"
"367, 338"
"439, 390"
"454, 312"
"451, 314"
"442, 386, 308"
"477, 268"
"477, 287"
"477, 60"
"454, 443, 392, 378"
"465, 466, 375, 301"
"350"
"445, 306, 379"
"443, 395, 379"
"477, 267, 30"
"477, 279, 225"
"477, 220, 277"
"467, 53, 282"
"477, 28, 30"
"477, 214"
"470"
"373"
"445, 450, 382, 385"
"450, 316"
"467, 162"
"477, 283, 271"
"477, 223, 229"
"447, 316, 306"
"470, 127, 186"
"467, 154, 317"
"447"
"443, 461, 390, 317"
"358, 360"
"472, 400"
"467, 15"
"451, 316"
"467, 121, 245"
"472, 55"
"477, 40, 67"
"62"
"477, 71, 219"
"84, 174"
"477, 215, 23"
"460, 462, 311, 388"
"440, 303"
"437, 317, 396"
"477, 63, 282"
"462, 458, 309, 396"
"477, 218, 67"
"436, 446, 313"
"438, 308, 391"
"470, 393, 396"
"470, 226, 281"
"446"
"467, 469"
"477, 268"
"484"
"472, 364, 84"
"468, 370, 312"
"451, 387"
"448, 379, 397"
"468, 258"
"467"
"468"
"439, 445, 391, 315"
"477, 275"
"477, 268"
"441, 317"
"461, 462, 399"
"467, 393"
"472, 365"
"408"
"438, 443, 400, 374"
"477, 60, 268"
"470, 124"
"468, 330"
"468, 140, 147"
"464, 387, 399"
"438, 445, 383, 309"
"452, 462, 300"
"459, 394, 396"
"451, 448"
"438, 304, 314"
"477, 276"
"477, 228, 63"
"477, 62, 292"
"356, 346"
"477, 269"
"469, 235, 7"
"477, 74, 285"
"467, 62"
"469, 277"
"477, 230, 229"
"477, 271, 212"
"451, 313"
"469, 334, 218"
"436, 462, 398"
"448, 437, 375"
"449, 384"
"453, 384"
"467, 41"
"472, 34"
"477, 266, 274"
"472, 250"
"452, 455, 400"
"468, 299, 132"
"465, 457, 378, 313"
"451, 387, 306"
"477, 75, 278"
"472, 273"
"477, 75"
"484, 486"
"477, 237, 269"
"456, 464, 392"
"469, 324, 340"
"477, 271, 76"
"472, 293"
"468, 286, 313"
"469, 351"
"472, 69"
"457, 437, 314"
"477, 29, 224"
"484, 495"
"477, 223"
"442, 453, 318"
"477, 74"
"477, 232"
"477, 233"
"467, 72"
"463, 450"
"459, 460, 308, 317"
"472, 76"
"477, 271"
"438, 461, 391, 376"
"477, 39, 221"
"477, 228, 270"
"449, 443, 389"
"441, 449, 298"
"469, 182, 232"
"477, 28"
"472, 86"
"477, 35"
"467, 102"
"430"
"453, 438, 387"
"457, 293"
"472, 318, 357"
"477, 71, 270"
"477, 31"
"452, 313"
"469, 393"
"477, 213, 292"
"462, 396"
"477, 285, 271"
"468, 26, 51"
"427, 432"
"477, 276, 272"
"471, 214"
"470, 50"
"477, 59, 61"
"471, 375, 108"
"436"
"389, 308"
"477, 60"
"450"
"421, 418"
"456, 388"
"468, 31"
"467, 471"
"477, 288, 284"
"444, 385, 386"
"447, 462, 397"
"468, 66"
"33, 83"
"477, 232"
"477, 278"
"459, 448, 388, 377"
"477, 268"
"466, 312"
"477, 24, 284"
"467, 56, 290"
"472, 144"
"477, 216"
"477, 218"
"477, 292"
"462, 397, 304"
"472, 370, 266"
"294"
"453, 384, 318"
"463"
"458, 463, 294, 297"
"477, 31, 277"
"472, 382, 354"
"449, 304"
"477, 218, 277"
"436, 455, 392"
"67, 285"
"472, 215, 220"
"469, 385, 305"
"452, 380, 294"
"477, 220, 238"
"467, 471"
"469, 274"
"477, 268"
"64"
"418, 445"
"477, 30, 35"
"445, 306"
"469, 51"
"461, 318"
"467, 163, 38"
"477, 30"
"470, 191"
"477, 216"
"444, 431"
"445, 442, 380, 381"
"477, 76"
"467, 122"
"477, 38"
"477, 222, 73"
"468, 47"
"117"
"477, 24, 229"
"75"
"471, 115"
"460, 457, 389"
"477, 213, 64"
"471, 317, 204"
"471, 208"
"463, 300, 299"
"477, 62, 292"
"468, 165, 382"
"469, 347"
"487"
"466, 393, 307"
"467, 356, 77"
"477, 212, 236"
"471, 469"
"398, 295"
"477, 38"
"477, 59, 288"
"217"
"477, 68"
"469, 308, 191"
"477, 274"
"466, 463"
"467, 471"
"474"
"477, 275, 278"
"477, 66"
"301, 307"
"477, 271"
"459, 306"
"477, 61, 274"
"490, 487"
"477, 280, 286"
"471, 218"
"477, 65, 224"
"453, 311"
"468, 266"
"451, 441, 387, 312"
"490"
"470, 273, 317"
"457, 293, 383"
"468"
"471, 390"
"442, 439, 388, 394"
"440, 461, 306"
"471, 157, 65"
"467, 197, 275"
"477, 212"
"477, 74"
"467, 361, 396"
"455, 318"
"477, 230"
"500"
"411, 426"
"477, 68"
"477, 268, 284"
"468, 72"
"468, 32"
"470, 36, 201"
"477, 68"
"472, 195"
"468, 260, 263"
"305, 390"
"477, 226"
"468"
"468, 53, 266"
"459, 374, 318"
"477, 68, 36"
"457, 379"
"459, 441"
"470, 126"
"464, 457, 318"
"448, 311"
"472, 227, 224"
"441, 436, 383, 309"
"212, 283"
"149, 157"
"439, 453, 300, 295"
"464, 376, 389"
"477, 63, 219"
"446, 464, 318, 301"
"477, 36"
"477, 31, 214"
"477, 287, 219"
"468, 177, 270"
"477, 219, 66"
"464, 383, 380"
"477, 28"
"456, 450, 312"
"397, 396"
"469, 19, 229"
"477, 76"
"463, 383, 294"
"467, 358"
"477, 28"
"477, 30"
"470, 51, 392"
"477, 39, 31"
"472, 235"
"468, 62, 63"
"443, 450, 296, 308"
"477, 270"
"443, 396, 312"
"465, 459"
"1, 30"
"449, 402"
"452, 295, 309"
"477, 24, 271"
"354"
"477, 73, 34"
"477, 235, 66"
"472, 52, 170"
"331, 231"
"441, 460, 303, 389"
"469, 249, 255"
"453, 463, 399"
"436, 461, 295, 391"
"466, 464, 382"
"469, 277, 323"
"453"
"469, 148, 59"
"277"
"467"
"465, 385, 397"
"477, 291, 63"
"448, 384, 381"
"451, 441, 391"
"452, 440, 388"
"452, 447, 317, 310"
"471, 396"
"477, 280, 71"
"438, 388, 300"
"439, 465, 383, 313"
"466, 439, 311, 305"
"477, 59"
"458, 319, 304"
"452, 436, 296"
"477, 280, 291"
"471, 378"
"470, 264"
"472, 400"
"477, 238, 59"
"340"
"455, 446, 376"
"449"
"470, 249, 153"
"441, 462, 318"
"456, 315, 301"
"472, 467"
"469, 5, 267"
"467, 348"
"350"
"477, 224, 284"
"472, 30"
"477, 285, 223"
"437, 462, 311, 313"
"388, 376"
"386"
"6, 127"
"467, 34, 53"
"469, 67, 378"
"457, 456, 386, 382"
"487, 485"
"477, 63, 35"
"459, 441, 397"
"466"
"450, 376, 311"
"477, 273"
"459, 446, 299, 307"
"477, 69, 281"
"454, 314"
"447, 299, 398"
"413"
"440, 382, 302"
"468, 163, 21"
"436, 446, 317, 392"
"477, 219"
"462, 379"
"427"
"450, 314, 381"
"421"
"469, 54, 30"
"468, 220, 168"
"462, 439, 398"
"418, 426"
"477, 31, 291"
"419"
"470, 316"
"477, 230"
"469, 291"
"477, 280"
"460, 456, 380"
"458, 455, 309"
"303, 400"
"340"
"457, 298"
"472, 91"
"466, 452, 305"
"438, 458, 296, 308"
"477, 40"
"476"
"313, 380"
"455, 445, 378"
"436, 384"
"438, 442, 299, 310"
"459, 436, 378, 376"
"471, 293"
"471, 44"
"456, 445, 297, 301"
"440, 451, 311"
"455, 439"
"495"
"447, 396"
"468, 316"
"472, 337"
"458, 447, 307, 374"
"447, 436, 308, 388"
"461, 297"
"477, 291"
"472, 263"
"450, 294, 296"
"440, 395"
"447, 441, 306"
"461, 304, 375"
"451, 399, 311"
"477, 267, 237"
"445, 390"
"448, 462, 293"
"449, 446, 299, 380"
"477, 230"
"477, 280, 226"
"458, 399, 311"
"477, 37"
"300"
"477, 273"
"453, 462, 301"
"445, 309"
"477, 267"
"470, 185, 227"
"477, 30"
"441, 392, 318"
"430, 455"
"443, 449, 395"
"477, 273, 30"
"478, 480"
"477, 235, 231"
"448, 307, 382"
"441, 386"
"468, 73"
"477, 272, 225"
"477, 27, 61"
"471, 265, 339"
"450, 463, 390"
"468, 237"
"477, 25"
"477, 214, 269"
"477, 73"
"477, 70"
"459, 450, 300"
"416"
"470, 343, 120"
"477, 281, 37"
"468, 84, 31"
"444, 383"
"477, 266"
"454"
"428"
"449, 418"
"477, 23, 280"
"382"
"477, 76, 60"
"477, 60"
"429, 412"
"477, 29, 60"
"477, 214, 218"
"477, 59, 68"
"467, 79"
"464, 438, 306, 384"
"477, 36, 74"
"469, 11, 219"
"442, 445, 391"
"285, 268"
"477, 277, 33"
"441, 395, 379"
"469, 234, 33"
"453, 397"
"384, 299"
"461, 438"
"477, 29"
"468, 139, 16"
"217"
"472, 127"
"468, 309, 341"
"478, 496"
"477, 270"
"477, 238"
"467, 221, 37"
"470, 179, 76"
"477, 73"
"477, 71, 30"
"477, 266, 278"
"458, 437, 397, 382"
"445, 377"
"445, 295"
"477, 30"
"445, 307, 309"
"438, 455, 293, 310"
"461, 453, 395"
"230"
"468, 164, 153"
"470, 152"
"477, 269"
"463, 454, 391"
"466, 297, 397"
"454, 438, 318"
"477, 66, 74"
"477, 485"
"450, 316"
"469, 468"
"477, 31, 36"
"477, 221"
"467, 160"
"469, 158, 309"
"432, 457"
"472"
"477, 220"
"468, 105"
"226, 207"
"456, 312, 375"
"472, 10"
"468, 84, 363"
"457, 298, 312"
"477, 267, 76"
"441, 463, 293"
"462, 464, 313"
"471, 230, 141"
"464, 452, 293, 305"
"477, 68"
"477, 236, 37"
"468, 391"
"424"
"442, 394"
"469, 14"
"459, 460, 392, 398"
"470, 66, 388"
"477, 269, 289"